{
  "best_global_step": null,
  "best_metric": null,
  "best_model_checkpoint": null,
  "epoch": 2.0,
  "eval_steps": 500,
  "global_step": 34,
  "is_hyper_param_search": false,
  "is_local_process_zero": true,
  "is_world_process_zero": true,
  "log_history": [
    {
      "entropy": 1.625443084537983,
      "epoch": 0.6015037593984962,
      "grad_norm": 1.140625,
      "learning_rate": 0.0001923879532511287,
      "loss": 1.7368637084960938,
      "mean_token_accuracy": 0.6204164024442435,
      "num_tokens": 156363.0,
      "step": 10
    },
    {
      "entropy": 0.9350402719014651,
      "epoch": 1.1804511278195489,
      "grad_norm": 0.2451171875,
      "learning_rate": 0.00015000000000000001,
      "loss": 0.9140555381774902,
      "mean_token_accuracy": 0.78230949191304,
      "num_tokens": 305893.0,
      "step": 20
    },
    {
      "entropy": 0.7824763782322407,
      "epoch": 1.781954887218045,
      "grad_norm": 0.19140625,
      "learning_rate": 8.694738077799488e-05,
      "loss": 0.7860962867736816,
      "mean_token_accuracy": 0.8072153598070144,
      "num_tokens": 461910.0,
      "step": 30
    }
  ],
  "logging_steps": 10,
  "max_steps": 51,
  "num_input_tokens_seen": 0,
  "num_train_epochs": 3,
  "save_steps": 500,
  "stateful_callbacks": {
    "TrainerControl": {
      "args": {
        "should_epoch_stop": false,
        "should_evaluate": false,
        "should_log": false,
        "should_save": true,
        "should_training_stop": false
      },
      "attributes": {}
    }
  },
  "total_flos": 4128380379150336.0,
  "train_batch_size": 1,
  "trial_name": null,
  "trial_params": null
}
